"Geography Type Description","Geography Name","Sits in State","GeoID","Formatted GeoID","Median Household Income","Data Time Period","Geographic Vintage","Data Source","Selected Location"
"GeoID_Description","GeoID_Name","SitsinState","GeoID","GeoID_Formatted","mhhinc","TimeFrame","GeoVintage","Source","Location"
"Zip Code Tabulation Area","85003","AZ","85003","=""85003""","60461","2020-2024","2020","Census","Maricopa (County, 2022)"
"Zip Code Tabulation Area","85004","AZ","85004","=""85004""","73750","2020-2024","2020","Census","Maricopa (County, 2022)"
"Zip Code Tabulation Area","85006","AZ","85006","=""85006""","58248","2020-2024","2020","Census","Maricopa (County, 2022)"
"Zip Code Tabulation Area","85007","AZ","85007","=""85007""","63616","2020-2024","2020","Census","Maricopa (County, 2022)"
"Zip Code Tabulation Area","85008","AZ","85008","=""85008""","66353","2020-2024","2020","Census","Maricopa (County, 2022)"
"Zip Code Tabulation Area","85009","AZ","85009","=""85009""","52054","2020-2024","2020","Census","Maricopa (County, 2022)"
"Zip Code Tabulation Area","85012","AZ","85012","=""85012""","86620","2020-2024","2020","Census","Maricopa (County, 2022)"
"Zip Code Tabulation Area","85013","AZ","85013","=""85013""","71966","2020-2024","2020","Census","Maricopa (County, 2022)"
"Zip Code Tabulation Area","85014","AZ","85014","=""85014""","66731","2020-2024","2020","Census","Maricopa (County, 2022)"
"Zip Code Tabulation Area","85015","AZ","85015","=""85015""","54874","2020-2024","2020","Census","Maricopa (County, 2022)"
"Zip Code Tabulation Area","85016","AZ","85016","=""85016""","87850","2020-2024","2020","Census","Maricopa (County, 2022)"
"Zip Code Tabulation Area","85017","AZ","85017","=""85017""","58346","2020-2024","2020","Census","Maricopa (County, 2022)"
"Zip Code Tabulation Area","85018","AZ","85018","=""85018""","93885","2020-2024","2020","Census","Maricopa (County, 2022)"
"Zip Code Tabulation Area","85019","AZ","85019","=""85019""","68528","2020-2024","2020","Census","Maricopa (County, 2022)"
"Zip Code Tabulation Area","85020","AZ","85020","=""85020""","83735","2020-2024","2020","Census","Maricopa (County, 2022)"
"Zip Code Tabulation Area","85021","AZ","85021","=""85021""","59768","2020-2024","2020","Census","Maricopa (County, 2022)"
"Zip Code Tabulation Area","85022","AZ","85022","=""85022""","69927","2020-2024","2020","Census","Maricopa (County, 2022)"
"Zip Code Tabulation Area","85023","AZ","85023","=""85023""","77369","2020-2024","2020","Census","Maricopa (County, 2022)"
"Zip Code Tabulation Area","85024","AZ","85024","=""85024""","106724","2020-2024","2020","Census","Maricopa (County, 2022)"
"Zip Code Tabulation Area","85026","AZ","85026","=""85026""","N/A","2020-2024","2020","Census","Maricopa (County, 2022)"
"Zip Code Tabulation Area","85027","AZ","85027","=""85027""","76605","2020-2024","2020","Census","Maricopa (County, 2022)"
"Zip Code Tabulation Area","85028","AZ","85028","=""85028""","125054","2020-2024","2020","Census","Maricopa (County, 2022)"
"Zip Code Tabulation Area","85029","AZ","85029","=""85029""","64556","2020-2024","2020","Census","Maricopa (County, 2022)"
"Zip Code Tabulation Area","85031","AZ","85031","=""85031""","70412","2020-2024","2020","Census","Maricopa (County, 2022)"
"Zip Code Tabulation Area","85032","AZ","85032","=""85032""","78643","2020-2024","2020","Census","Maricopa (County, 2022)"
"Zip Code Tabulation Area","85033","AZ","85033","=""85033""","64144","2020-2024","2020","Census","Maricopa (County, 2022)"
"Zip Code Tabulation Area","85034","AZ","85034","=""85034""","63559","2020-2024","2020","Census","Maricopa (County, 2022)"
"Zip Code Tabulation Area","85035","AZ","85035","=""85035""","60440","2020-2024","2020","Census","Maricopa (County, 2022)"
"Zip Code Tabulation Area","85037","AZ","85037","=""85037""","84016","2020-2024","2020","Census","Maricopa (County, 2022)"
"Zip Code Tabulation Area","85040","AZ","85040","=""85040""","60727","2020-2024","2020","Census","Maricopa (County, 2022)"
"Zip Code Tabulation Area","85041","AZ","85041","=""85041""","75301","2020-2024","2020","Census","Maricopa (County, 2022)"
"Zip Code Tabulation Area","85042","AZ","85042","=""85042""","88717","2020-2024","2020","Census","Maricopa (County, 2022)"
"Zip Code Tabulation Area","85043","AZ","85043","=""85043""","78257","2020-2024","2020","Census","Maricopa (County, 2022)"
"Zip Code Tabulation Area","85044","AZ","85044","=""85044""","96820","2020-2024","2020","Census","Maricopa (County, 2022)"
"Zip Code Tabulation Area","85045","AZ","85045","=""85045""","153583","2020-2024","2020","Census","Maricopa (County, 2022)"
"Zip Code Tabulation Area","85048","AZ","85048","=""85048""","122833","2020-2024","2020","Census","Maricopa (County, 2022)"
"Zip Code Tabulation Area","85050","AZ","85050","=""85050""","139836","2020-2024","2020","Census","Maricopa (County, 2022)"
"Zip Code Tabulation Area","85051","AZ","85051","=""85051""","69189","2020-2024","2020","Census","Maricopa (County, 2022)"
"Zip Code Tabulation Area","85053","AZ","85053","=""85053""","70011","2020-2024","2020","Census","Maricopa (County, 2022)"
"Zip Code Tabulation Area","85054","AZ","85054","=""85054""","91507","2020-2024","2020","Census","Maricopa (County, 2022)"
"Zip Code Tabulation Area","85083","AZ","85083","=""85083""","149087","2020-2024","2020","Census","Maricopa (County, 2022)"
"Zip Code Tabulation Area","85085","AZ","85085","=""85085""","128984","2020-2024","2020","Census","Maricopa (County, 2022)"
"Zip Code Tabulation Area","85086","AZ","85086","=""85086""","121676","2020-2024","2020","Census","Maricopa (County, 2022)"
"Zip Code Tabulation Area","85087","AZ","85087","=""85087""","138566","2020-2024","2020","Census","Maricopa (County, 2022)"
"Zip Code Tabulation Area","85201","AZ","85201","=""85201""","67294","2020-2024","2020","Census","Maricopa (County, 2022)"
"Zip Code Tabulation Area","85202","AZ","85202","=""85202""","71619","2020-2024","2020","Census","Maricopa (County, 2022)"
"Zip Code Tabulation Area","85203","AZ","85203","=""85203""","73578","2020-2024","2020","Census","Maricopa (County, 2022)"
"Zip Code Tabulation Area","85204","AZ","85204","=""85204""","72216","2020-2024","2020","Census","Maricopa (County, 2022)"
"Zip Code Tabulation Area","85205","AZ","85205","=""85205""","73283","2020-2024","2020","Census","Maricopa (County, 2022)"
"Zip Code Tabulation Area","85206","AZ","85206","=""85206""","75607","2020-2024","2020","Census","Maricopa (County, 2022)"
"Zip Code Tabulation Area","85207","AZ","85207","=""85207""","108699","2020-2024","2020","Census","Maricopa (County, 2022)"
"Zip Code Tabulation Area","85208","AZ","85208","=""85208""","69390","2020-2024","2020","Census","Maricopa (County, 2022)"
"Zip Code Tabulation Area","85209","AZ","85209","=""85209""","84432","2020-2024","2020","Census","Maricopa (County, 2022)"
"Zip Code Tabulation Area","85210","AZ","85210","=""85210""","61957","2020-2024","2020","Census","Maricopa (County, 2022)"
"Zip Code Tabulation Area","85212","AZ","85212","=""85212""","125902","2020-2024","2020","Census","Maricopa (County, 2022)"
"Zip Code Tabulation Area","85213","AZ","85213","=""85213""","103969","2020-2024","2020","Census","Maricopa (County, 2022)"
"Zip Code Tabulation Area","85215","AZ","85215","=""85215""","98831","2020-2024","2020","Census","Maricopa (County, 2022)"
"Zip Code Tabulation Area","85224","AZ","85224","=""85224""","94516","2020-2024","2020","Census","Maricopa (County, 2022)"
"Zip Code Tabulation Area","85225","AZ","85225","=""85225""","88676","2020-2024","2020","Census","Maricopa (County, 2022)"
"Zip Code Tabulation Area","85226","AZ","85226","=""85226""","114817","2020-2024","2020","Census","Maricopa (County, 2022)"
"Zip Code Tabulation Area","85233","AZ","85233","=""85233""","111160","2020-2024","2020","Census","Maricopa (County, 2022)"
"Zip Code Tabulation Area","85234","AZ","85234","=""85234""","121102","2020-2024","2020","Census","Maricopa (County, 2022)"
"Zip Code Tabulation Area","85236","AZ","85236","=""85236""","N/A","2020-2024","2020","Census","Maricopa (County, 2022)"
"Zip Code Tabulation Area","85248","AZ","85248","=""85248""","94495","2020-2024","2020","Census","Maricopa (County, 2022)"
"Zip Code Tabulation Area","85249","AZ","85249","=""85249""","153633","2020-2024","2020","Census","Maricopa (County, 2022)"
"Zip Code Tabulation Area","85250","AZ","85250","=""85250""","95761","2020-2024","2020","Census","Maricopa (County, 2022)"
"Zip Code Tabulation Area","85251","AZ","85251","=""85251""","92851","2020-2024","2020","Census","Maricopa (County, 2022)"
"Zip Code Tabulation Area","85253","AZ","85253","=""85253""","184979","2020-2024","2020","Census","Maricopa (County, 2022)"
"Zip Code Tabulation Area","85254","AZ","85254","=""85254""","123203","2020-2024","2020","Census","Maricopa (County, 2022)"
"Zip Code Tabulation Area","85255","AZ","85255","=""85255""","140616","2020-2024","2020","Census","Maricopa (County, 2022)"
"Zip Code Tabulation Area","85256","AZ","85256","=""85256""","44844","2020-2024","2020","Census","Maricopa (County, 2022)"
"Zip Code Tabulation Area","85257","AZ","85257","=""85257""","86962","2020-2024","2020","Census","Maricopa (County, 2022)"
"Zip Code Tabulation Area","85258","AZ","85258","=""85258""","114111","2020-2024","2020","Census","Maricopa (County, 2022)"
"Zip Code Tabulation Area","85259","AZ","85259","=""85259""","137895","2020-2024","2020","Census","Maricopa (County, 2022)"
"Zip Code Tabulation Area","85260","AZ","85260","=""85260""","97177","2020-2024","2020","Census","Maricopa (County, 2022)"
"Zip Code Tabulation Area","85262","AZ","85262","=""85262""","177790","2020-2024","2020","Census","Maricopa (County, 2022)"
"Zip Code Tabulation Area","85263","AZ","85263","=""85263""","145053","2020-2024","2020","Census","Maricopa (County, 2022)"
"Zip Code Tabulation Area","85264","AZ","85264","=""85264""","60729","2020-2024","2020","Census","Maricopa (County, 2022)"
"Zip Code Tabulation Area","85266","AZ","85266","=""85266""","151923","2020-2024","2020","Census","Maricopa (County, 2022)"
"Zip Code Tabulation Area","85268","AZ","85268","=""85268""","112795","2020-2024","2020","Census","Maricopa (County, 2022)"
"Zip Code Tabulation Area","85281","AZ","85281","=""85281""","64538","2020-2024","2020","Census","Maricopa (County, 2022)"
"Zip Code Tabulation Area","85282","AZ","85282","=""85282""","79036","2020-2024","2020","Census","Maricopa (County, 2022)"
"Zip Code Tabulation Area","85283","AZ","85283","=""85283""","84568","2020-2024","2020","Census","Maricopa (County, 2022)"
"Zip Code Tabulation Area","85284","AZ","85284","=""85284""","156146","2020-2024","2020","Census","Maricopa (County, 2022)"
"Zip Code Tabulation Area","85286","AZ","85286","=""85286""","121758","2020-2024","2020","Census","Maricopa (County, 2022)"
"Zip Code Tabulation Area","85295","AZ","85295","=""85295""","118467","2020-2024","2020","Census","Maricopa (County, 2022)"
"Zip Code Tabulation Area","85296","AZ","85296","=""85296""","118982","2020-2024","2020","Census","Maricopa (County, 2022)"
"Zip Code Tabulation Area","85297","AZ","85297","=""85297""","130755","2020-2024","2020","Census","Maricopa (County, 2022)"
"Zip Code Tabulation Area","85298","AZ","85298","=""85298""","156425","2020-2024","2020","Census","Maricopa (County, 2022)"
"Zip Code Tabulation Area","85301","AZ","85301","=""85301""","53827","2020-2024","2020","Census","Maricopa (County, 2022)"
"Zip Code Tabulation Area","85302","AZ","85302","=""85302""","65132","2020-2024","2020","Census","Maricopa (County, 2022)"
"Zip Code Tabulation Area","85303","AZ","85303","=""85303""","80650","2020-2024","2020","Census","Maricopa (County, 2022)"
"Zip Code Tabulation Area","85304","AZ","85304","=""85304""","86927","2020-2024","2020","Census","Maricopa (County, 2022)"
"Zip Code Tabulation Area","85305","AZ","85305","=""85305""","88167","2020-2024","2020","Census","Maricopa (County, 2022)"
"Zip Code Tabulation Area","85306","AZ","85306","=""85306""","84779","2020-2024","2020","Census","Maricopa (County, 2022)"
"Zip Code Tabulation Area","85307","AZ","85307","=""85307""","82888","2020-2024","2020","Census","Maricopa (County, 2022)"
"Zip Code Tabulation Area","85308","AZ","85308","=""85308""","95247","2020-2024","2020","Census","Maricopa (County, 2022)"
"Zip Code Tabulation Area","85309","AZ","85309","=""85309""","N/A","2020-2024","2020","Census","Maricopa (County, 2022)"
"Zip Code Tabulation Area","85310","AZ","85310","=""85310""","122137","2020-2024","2020","Census","Maricopa (County, 2022)"
"Zip Code Tabulation Area","85320","AZ","85320","=""85320""","47731","2020-2024","2020","Census","Maricopa (County, 2022)"
"Zip Code Tabulation Area","85322","AZ","85322","=""85322""","75417","2020-2024","2020","Census","Maricopa (County, 2022)"
"Zip Code Tabulation Area","85323","AZ","85323","=""85323""","83120","2020-2024","2020","Census","Maricopa (County, 2022)"
"Zip Code Tabulation Area","85326","AZ","85326","=""85326""","89876","2020-2024","2020","Census","Maricopa (County, 2022)"
"Zip Code Tabulation Area","85329","AZ","85329","=""85329""","36399","2020-2024","2020","Census","Maricopa (County, 2022)"
"Zip Code Tabulation Area","85331","AZ","85331","=""85331""","129083","2020-2024","2020","Census","Maricopa (County, 2022)"
"Zip Code Tabulation Area","85333","AZ","85333","=""85333""","39722","2020-2024","2020","Census","Maricopa (County, 2022)"
"Zip Code Tabulation Area","85335","AZ","85335","=""85335""","78050","2020-2024","2020","Census","Maricopa (County, 2022)"
"Zip Code Tabulation Area","85337","AZ","85337","=""85337""","55365","2020-2024","2020","Census","Maricopa (County, 2022)"
"Zip Code Tabulation Area","85338","AZ","85338","=""85338""","101744","2020-2024","2020","Census","Maricopa (County, 2022)"
"Zip Code Tabulation Area","85339","AZ","85339","=""85339""","110602","2020-2024","2020","Census","Maricopa (County, 2022)"
"Zip Code Tabulation Area","85340","AZ","85340","=""85340""","122323","2020-2024","2020","Census","Maricopa (County, 2022)"
"Zip Code Tabulation Area","85343","AZ","85343","=""85343""","N/A","2020-2024","2020","Census","Maricopa (County, 2022)"
"Zip Code Tabulation Area","85345","AZ","85345","=""85345""","67380","2020-2024","2020","Census","Maricopa (County, 2022)"
"Zip Code Tabulation Area","85351","AZ","85351","=""85351""","53725","2020-2024","2020","Census","Maricopa (County, 2022)"
"Zip Code Tabulation Area","85353","AZ","85353","=""85353""","94154","2020-2024","2020","Census","Maricopa (County, 2022)"
"Zip Code Tabulation Area","85354","AZ","85354","=""85354""","64203","2020-2024","2020","Census","Maricopa (County, 2022)"
"Zip Code Tabulation Area","85355","AZ","85355","=""85355""","123055","2020-2024","2020","Census","Maricopa (County, 2022)"
"Zip Code Tabulation Area","85361","AZ","85361","=""85361""","77361","2020-2024","2020","Census","Maricopa (County, 2022)"
"Zip Code Tabulation Area","85363","AZ","85363","=""85363""","68321","2020-2024","2020","Census","Maricopa (County, 2022)"
"Zip Code Tabulation Area","85373","AZ","85373","=""85373""","72063","2020-2024","2020","Census","Maricopa (County, 2022)"
"Zip Code Tabulation Area","85374","AZ","85374","=""85374""","81201","2020-2024","2020","Census","Maricopa (County, 2022)"
"Zip Code Tabulation Area","85375","AZ","85375","=""85375""","63928","2020-2024","2020","Census","Maricopa (County, 2022)"
"Zip Code Tabulation Area","85377","AZ","85377","=""85377""","149167","2020-2024","2020","Census","Maricopa (County, 2022)"
"Zip Code Tabulation Area","85378","AZ","85378","=""85378""","56444","2020-2024","2020","Census","Maricopa (County, 2022)"
"Zip Code Tabulation Area","85379","AZ","85379","=""85379""","110616","2020-2024","2020","Census","Maricopa (County, 2022)"
"Zip Code Tabulation Area","85381","AZ","85381","=""85381""","96746","2020-2024","2020","Census","Maricopa (County, 2022)"
"Zip Code Tabulation Area","85382","AZ","85382","=""85382""","91525","2020-2024","2020","Census","Maricopa (County, 2022)"
"Zip Code Tabulation Area","85383","AZ","85383","=""85383""","145546","2020-2024","2020","Census","Maricopa (County, 2022)"
"Zip Code Tabulation Area","85387","AZ","85387","=""85387""","98757","2020-2024","2020","Census","Maricopa (County, 2022)"
"Zip Code Tabulation Area","85388","AZ","85388","=""85388""","112164","2020-2024","2020","Census","Maricopa (County, 2022)"
"Zip Code Tabulation Area","85390","AZ","85390","=""85390""","68591","2020-2024","2020","Census","Maricopa (County, 2022)"
"Zip Code Tabulation Area","85392","AZ","85392","=""85392""","87702","2020-2024","2020","Census","Maricopa (County, 2022)"
"Zip Code Tabulation Area","85395","AZ","85395","=""85395""","105935","2020-2024","2020","Census","Maricopa (County, 2022)"
"Zip Code Tabulation Area","85396","AZ","85396","=""85396""","114056","2020-2024","2020","Census","Maricopa (County, 2022)"
