"Geography Type Description","Geography Name","Sits in State","GeoID","Formatted GeoID","Median Gross Rent","Data Time Period","Geographic Vintage","Data Source","Selected Location"
"GeoID_Description","GeoID_Name","SitsinState","GeoID","GeoID_Formatted","mrent_acs","TimeFrame","GeoVintage","Source","Location"
"Zip Code Tabulation Area","85003","AZ","85003","=""85003""","1392","2020-2024","2020","Census","Maricopa (County, 2022)"
"Zip Code Tabulation Area","85004","AZ","85004","=""85004""","1834","2020-2024","2020","Census","Maricopa (County, 2022)"
"Zip Code Tabulation Area","85006","AZ","85006","=""85006""","1270","2020-2024","2020","Census","Maricopa (County, 2022)"
"Zip Code Tabulation Area","85007","AZ","85007","=""85007""","1116","2020-2024","2020","Census","Maricopa (County, 2022)"
"Zip Code Tabulation Area","85008","AZ","85008","=""85008""","1403","2020-2024","2020","Census","Maricopa (County, 2022)"
"Zip Code Tabulation Area","85009","AZ","85009","=""85009""","1208","2020-2024","2020","Census","Maricopa (County, 2022)"
"Zip Code Tabulation Area","85012","AZ","85012","=""85012""","1746","2020-2024","2020","Census","Maricopa (County, 2022)"
"Zip Code Tabulation Area","85013","AZ","85013","=""85013""","1585","2020-2024","2020","Census","Maricopa (County, 2022)"
"Zip Code Tabulation Area","85014","AZ","85014","=""85014""","1428","2020-2024","2020","Census","Maricopa (County, 2022)"
"Zip Code Tabulation Area","85015","AZ","85015","=""85015""","1287","2020-2024","2020","Census","Maricopa (County, 2022)"
"Zip Code Tabulation Area","85016","AZ","85016","=""85016""","1687","2020-2024","2020","Census","Maricopa (County, 2022)"
"Zip Code Tabulation Area","85017","AZ","85017","=""85017""","1299","2020-2024","2020","Census","Maricopa (County, 2022)"
"Zip Code Tabulation Area","85018","AZ","85018","=""85018""","1537","2020-2024","2020","Census","Maricopa (County, 2022)"
"Zip Code Tabulation Area","85019","AZ","85019","=""85019""","1469","2020-2024","2020","Census","Maricopa (County, 2022)"
"Zip Code Tabulation Area","85020","AZ","85020","=""85020""","1530","2020-2024","2020","Census","Maricopa (County, 2022)"
"Zip Code Tabulation Area","85021","AZ","85021","=""85021""","1313","2020-2024","2020","Census","Maricopa (County, 2022)"
"Zip Code Tabulation Area","85022","AZ","85022","=""85022""","1623","2020-2024","2020","Census","Maricopa (County, 2022)"
"Zip Code Tabulation Area","85023","AZ","85023","=""85023""","1577","2020-2024","2020","Census","Maricopa (County, 2022)"
"Zip Code Tabulation Area","85024","AZ","85024","=""85024""","1943","2020-2024","2020","Census","Maricopa (County, 2022)"
"Zip Code Tabulation Area","85026","AZ","85026","=""85026""","N/A","2020-2024","2020","Census","Maricopa (County, 2022)"
"Zip Code Tabulation Area","85027","AZ","85027","=""85027""","1607","2020-2024","2020","Census","Maricopa (County, 2022)"
"Zip Code Tabulation Area","85028","AZ","85028","=""85028""","1850","2020-2024","2020","Census","Maricopa (County, 2022)"
"Zip Code Tabulation Area","85029","AZ","85029","=""85029""","1455","2020-2024","2020","Census","Maricopa (County, 2022)"
"Zip Code Tabulation Area","85031","AZ","85031","=""85031""","1647","2020-2024","2020","Census","Maricopa (County, 2022)"
"Zip Code Tabulation Area","85032","AZ","85032","=""85032""","1609","2020-2024","2020","Census","Maricopa (County, 2022)"
"Zip Code Tabulation Area","85033","AZ","85033","=""85033""","1457","2020-2024","2020","Census","Maricopa (County, 2022)"
"Zip Code Tabulation Area","85034","AZ","85034","=""85034""","1479","2020-2024","2020","Census","Maricopa (County, 2022)"
"Zip Code Tabulation Area","85035","AZ","85035","=""85035""","1481","2020-2024","2020","Census","Maricopa (County, 2022)"
"Zip Code Tabulation Area","85037","AZ","85037","=""85037""","1800","2020-2024","2020","Census","Maricopa (County, 2022)"
"Zip Code Tabulation Area","85040","AZ","85040","=""85040""","1259","2020-2024","2020","Census","Maricopa (County, 2022)"
"Zip Code Tabulation Area","85041","AZ","85041","=""85041""","1739","2020-2024","2020","Census","Maricopa (County, 2022)"
"Zip Code Tabulation Area","85042","AZ","85042","=""85042""","1668","2020-2024","2020","Census","Maricopa (County, 2022)"
"Zip Code Tabulation Area","85043","AZ","85043","=""85043""","1697","2020-2024","2020","Census","Maricopa (County, 2022)"
"Zip Code Tabulation Area","85044","AZ","85044","=""85044""","1874","2020-2024","2020","Census","Maricopa (County, 2022)"
"Zip Code Tabulation Area","85045","AZ","85045","=""85045""","2430","2020-2024","2020","Census","Maricopa (County, 2022)"
"Zip Code Tabulation Area","85048","AZ","85048","=""85048""","2086","2020-2024","2020","Census","Maricopa (County, 2022)"
"Zip Code Tabulation Area","85050","AZ","85050","=""85050""","2377","2020-2024","2020","Census","Maricopa (County, 2022)"
"Zip Code Tabulation Area","85051","AZ","85051","=""85051""","1322","2020-2024","2020","Census","Maricopa (County, 2022)"
"Zip Code Tabulation Area","85053","AZ","85053","=""85053""","1452","2020-2024","2020","Census","Maricopa (County, 2022)"
"Zip Code Tabulation Area","85054","AZ","85054","=""85054""","2239","2020-2024","2020","Census","Maricopa (County, 2022)"
"Zip Code Tabulation Area","85083","AZ","85083","=""85083""","2375","2020-2024","2020","Census","Maricopa (County, 2022)"
"Zip Code Tabulation Area","85085","AZ","85085","=""85085""","1944","2020-2024","2020","Census","Maricopa (County, 2022)"
"Zip Code Tabulation Area","85086","AZ","85086","=""85086""","2330","2020-2024","2020","Census","Maricopa (County, 2022)"
"Zip Code Tabulation Area","85087","AZ","85087","=""85087""","2280","2020-2024","2020","Census","Maricopa (County, 2022)"
"Zip Code Tabulation Area","85201","AZ","85201","=""85201""","1445","2020-2024","2020","Census","Maricopa (County, 2022)"
"Zip Code Tabulation Area","85202","AZ","85202","=""85202""","1594","2020-2024","2020","Census","Maricopa (County, 2022)"
"Zip Code Tabulation Area","85203","AZ","85203","=""85203""","1534","2020-2024","2020","Census","Maricopa (County, 2022)"
"Zip Code Tabulation Area","85204","AZ","85204","=""85204""","1566","2020-2024","2020","Census","Maricopa (County, 2022)"
"Zip Code Tabulation Area","85205","AZ","85205","=""85205""","1446","2020-2024","2020","Census","Maricopa (County, 2022)"
"Zip Code Tabulation Area","85206","AZ","85206","=""85206""","1818","2020-2024","2020","Census","Maricopa (County, 2022)"
"Zip Code Tabulation Area","85207","AZ","85207","=""85207""","1791","2020-2024","2020","Census","Maricopa (County, 2022)"
"Zip Code Tabulation Area","85208","AZ","85208","=""85208""","1631","2020-2024","2020","Census","Maricopa (County, 2022)"
"Zip Code Tabulation Area","85209","AZ","85209","=""85209""","1864","2020-2024","2020","Census","Maricopa (County, 2022)"
"Zip Code Tabulation Area","85210","AZ","85210","=""85210""","1497","2020-2024","2020","Census","Maricopa (County, 2022)"
"Zip Code Tabulation Area","85212","AZ","85212","=""85212""","2209","2020-2024","2020","Census","Maricopa (County, 2022)"
"Zip Code Tabulation Area","85213","AZ","85213","=""85213""","1730","2020-2024","2020","Census","Maricopa (County, 2022)"
"Zip Code Tabulation Area","85215","AZ","85215","=""85215""","1958","2020-2024","2020","Census","Maricopa (County, 2022)"
"Zip Code Tabulation Area","85224","AZ","85224","=""85224""","1923","2020-2024","2020","Census","Maricopa (County, 2022)"
"Zip Code Tabulation Area","85225","AZ","85225","=""85225""","1738","2020-2024","2020","Census","Maricopa (County, 2022)"
"Zip Code Tabulation Area","85226","AZ","85226","=""85226""","1892","2020-2024","2020","Census","Maricopa (County, 2022)"
"Zip Code Tabulation Area","85233","AZ","85233","=""85233""","1972","2020-2024","2020","Census","Maricopa (County, 2022)"
"Zip Code Tabulation Area","85234","AZ","85234","=""85234""","1964","2020-2024","2020","Census","Maricopa (County, 2022)"
"Zip Code Tabulation Area","85236","AZ","85236","=""85236""","N/A","2020-2024","2020","Census","Maricopa (County, 2022)"
"Zip Code Tabulation Area","85248","AZ","85248","=""85248""","1907","2020-2024","2020","Census","Maricopa (County, 2022)"
"Zip Code Tabulation Area","85249","AZ","85249","=""85249""","2392","2020-2024","2020","Census","Maricopa (County, 2022)"
"Zip Code Tabulation Area","85250","AZ","85250","=""85250""","1898","2020-2024","2020","Census","Maricopa (County, 2022)"
"Zip Code Tabulation Area","85251","AZ","85251","=""85251""","1867","2020-2024","2020","Census","Maricopa (County, 2022)"
"Zip Code Tabulation Area","85253","AZ","85253","=""85253""","2018","2020-2024","2020","Census","Maricopa (County, 2022)"
"Zip Code Tabulation Area","85254","AZ","85254","=""85254""","2156","2020-2024","2020","Census","Maricopa (County, 2022)"
"Zip Code Tabulation Area","85255","AZ","85255","=""85255""","2483","2020-2024","2020","Census","Maricopa (County, 2022)"
"Zip Code Tabulation Area","85256","AZ","85256","=""85256""","564","2020-2024","2020","Census","Maricopa (County, 2022)"
"Zip Code Tabulation Area","85257","AZ","85257","=""85257""","1849","2020-2024","2020","Census","Maricopa (County, 2022)"
"Zip Code Tabulation Area","85258","AZ","85258","=""85258""","2170","2020-2024","2020","Census","Maricopa (County, 2022)"
"Zip Code Tabulation Area","85259","AZ","85259","=""85259""","1878","2020-2024","2020","Census","Maricopa (County, 2022)"
"Zip Code Tabulation Area","85260","AZ","85260","=""85260""","2132","2020-2024","2020","Census","Maricopa (County, 2022)"
"Zip Code Tabulation Area","85262","AZ","85262","=""85262""","2899","2020-2024","2020","Census","Maricopa (County, 2022)"
"Zip Code Tabulation Area","85263","AZ","85263","=""85263""","2332","2020-2024","2020","Census","Maricopa (County, 2022)"
"Zip Code Tabulation Area","85264","AZ","85264","=""85264""","595","2020-2024","2020","Census","Maricopa (County, 2022)"
"Zip Code Tabulation Area","85266","AZ","85266","=""85266""","3136","2020-2024","2020","Census","Maricopa (County, 2022)"
"Zip Code Tabulation Area","85268","AZ","85268","=""85268""","1890","2020-2024","2020","Census","Maricopa (County, 2022)"
"Zip Code Tabulation Area","85281","AZ","85281","=""85281""","1677","2020-2024","2020","Census","Maricopa (County, 2022)"
"Zip Code Tabulation Area","85282","AZ","85282","=""85282""","1745","2020-2024","2020","Census","Maricopa (County, 2022)"
"Zip Code Tabulation Area","85283","AZ","85283","=""85283""","1767","2020-2024","2020","Census","Maricopa (County, 2022)"
"Zip Code Tabulation Area","85284","AZ","85284","=""85284""","2236","2020-2024","2020","Census","Maricopa (County, 2022)"
"Zip Code Tabulation Area","85286","AZ","85286","=""85286""","2109","2020-2024","2020","Census","Maricopa (County, 2022)"
"Zip Code Tabulation Area","85295","AZ","85295","=""85295""","2037","2020-2024","2020","Census","Maricopa (County, 2022)"
"Zip Code Tabulation Area","85296","AZ","85296","=""85296""","2227","2020-2024","2020","Census","Maricopa (County, 2022)"
"Zip Code Tabulation Area","85297","AZ","85297","=""85297""","2302","2020-2024","2020","Census","Maricopa (County, 2022)"
"Zip Code Tabulation Area","85298","AZ","85298","=""85298""","2785","2020-2024","2020","Census","Maricopa (County, 2022)"
"Zip Code Tabulation Area","85301","AZ","85301","=""85301""","1324","2020-2024","2020","Census","Maricopa (County, 2022)"
"Zip Code Tabulation Area","85302","AZ","85302","=""85302""","1332","2020-2024","2020","Census","Maricopa (County, 2022)"
"Zip Code Tabulation Area","85303","AZ","85303","=""85303""","1567","2020-2024","2020","Census","Maricopa (County, 2022)"
"Zip Code Tabulation Area","85304","AZ","85304","=""85304""","1514","2020-2024","2020","Census","Maricopa (County, 2022)"
"Zip Code Tabulation Area","85305","AZ","85305","=""85305""","1967","2020-2024","2020","Census","Maricopa (County, 2022)"
"Zip Code Tabulation Area","85306","AZ","85306","=""85306""","1730","2020-2024","2020","Census","Maricopa (County, 2022)"
"Zip Code Tabulation Area","85307","AZ","85307","=""85307""","1850","2020-2024","2020","Census","Maricopa (County, 2022)"
"Zip Code Tabulation Area","85308","AZ","85308","=""85308""","1873","2020-2024","2020","Census","Maricopa (County, 2022)"
"Zip Code Tabulation Area","85309","AZ","85309","=""85309""","N/A","2020-2024","2020","Census","Maricopa (County, 2022)"
"Zip Code Tabulation Area","85310","AZ","85310","=""85310""","2334","2020-2024","2020","Census","Maricopa (County, 2022)"
"Zip Code Tabulation Area","85320","AZ","85320","=""85320""","N/A","2020-2024","2020","Census","Maricopa (County, 2022)"
"Zip Code Tabulation Area","85322","AZ","85322","=""85322""","N/A","2020-2024","2020","Census","Maricopa (County, 2022)"
"Zip Code Tabulation Area","85323","AZ","85323","=""85323""","1825","2020-2024","2020","Census","Maricopa (County, 2022)"
"Zip Code Tabulation Area","85326","AZ","85326","=""85326""","1770","2020-2024","2020","Census","Maricopa (County, 2022)"
"Zip Code Tabulation Area","85329","AZ","85329","=""85329""","1332","2020-2024","2020","Census","Maricopa (County, 2022)"
"Zip Code Tabulation Area","85331","AZ","85331","=""85331""","2595","2020-2024","2020","Census","Maricopa (County, 2022)"
"Zip Code Tabulation Area","85333","AZ","85333","=""85333""","1054","2020-2024","2020","Census","Maricopa (County, 2022)"
"Zip Code Tabulation Area","85335","AZ","85335","=""85335""","1806","2020-2024","2020","Census","Maricopa (County, 2022)"
"Zip Code Tabulation Area","85337","AZ","85337","=""85337""","1069","2020-2024","2020","Census","Maricopa (County, 2022)"
"Zip Code Tabulation Area","85338","AZ","85338","=""85338""","1918","2020-2024","2020","Census","Maricopa (County, 2022)"
"Zip Code Tabulation Area","85339","AZ","85339","=""85339""","2120","2020-2024","2020","Census","Maricopa (County, 2022)"
"Zip Code Tabulation Area","85340","AZ","85340","=""85340""","2072","2020-2024","2020","Census","Maricopa (County, 2022)"
"Zip Code Tabulation Area","85343","AZ","85343","=""85343""","N/A","2020-2024","2020","Census","Maricopa (County, 2022)"
"Zip Code Tabulation Area","85345","AZ","85345","=""85345""","1697","2020-2024","2020","Census","Maricopa (County, 2022)"
"Zip Code Tabulation Area","85351","AZ","85351","=""85351""","1560","2020-2024","2020","Census","Maricopa (County, 2022)"
"Zip Code Tabulation Area","85353","AZ","85353","=""85353""","1799","2020-2024","2020","Census","Maricopa (County, 2022)"
"Zip Code Tabulation Area","85354","AZ","85354","=""85354""","1395","2020-2024","2020","Census","Maricopa (County, 2022)"
"Zip Code Tabulation Area","85355","AZ","85355","=""85355""","2477","2020-2024","2020","Census","Maricopa (County, 2022)"
"Zip Code Tabulation Area","85361","AZ","85361","=""85361""","791","2020-2024","2020","Census","Maricopa (County, 2022)"
"Zip Code Tabulation Area","85363","AZ","85363","=""85363""","1157","2020-2024","2020","Census","Maricopa (County, 2022)"
"Zip Code Tabulation Area","85373","AZ","85373","=""85373""","1968","2020-2024","2020","Census","Maricopa (County, 2022)"
"Zip Code Tabulation Area","85374","AZ","85374","=""85374""","1928","2020-2024","2020","Census","Maricopa (County, 2022)"
"Zip Code Tabulation Area","85375","AZ","85375","=""85375""","1678","2020-2024","2020","Census","Maricopa (County, 2022)"
"Zip Code Tabulation Area","85377","AZ","85377","=""85377""","1538","2020-2024","2020","Census","Maricopa (County, 2022)"
"Zip Code Tabulation Area","85378","AZ","85378","=""85378""","1514","2020-2024","2020","Census","Maricopa (County, 2022)"
"Zip Code Tabulation Area","85379","AZ","85379","=""85379""","2095","2020-2024","2020","Census","Maricopa (County, 2022)"
"Zip Code Tabulation Area","85381","AZ","85381","=""85381""","1762","2020-2024","2020","Census","Maricopa (County, 2022)"
"Zip Code Tabulation Area","85382","AZ","85382","=""85382""","1939","2020-2024","2020","Census","Maricopa (County, 2022)"
"Zip Code Tabulation Area","85383","AZ","85383","=""85383""","2355","2020-2024","2020","Census","Maricopa (County, 2022)"
"Zip Code Tabulation Area","85387","AZ","85387","=""85387""","2579","2020-2024","2020","Census","Maricopa (County, 2022)"
"Zip Code Tabulation Area","85388","AZ","85388","=""85388""","2155","2020-2024","2020","Census","Maricopa (County, 2022)"
"Zip Code Tabulation Area","85390","AZ","85390","=""85390""","1034","2020-2024","2020","Census","Maricopa (County, 2022)"
"Zip Code Tabulation Area","85392","AZ","85392","=""85392""","1848","2020-2024","2020","Census","Maricopa (County, 2022)"
"Zip Code Tabulation Area","85395","AZ","85395","=""85395""","2024","2020-2024","2020","Census","Maricopa (County, 2022)"
"Zip Code Tabulation Area","85396","AZ","85396","=""85396""","2243","2020-2024","2020","Census","Maricopa (County, 2022)"
