"Geography Type Description","Geography Name","Sits in State","GeoID","Formatted GeoID","Median Home Value","Data Time Period","Geographic Vintage","Data Source","Selected Location"
"GeoID_Description","GeoID_Name","SitsinState","GeoID","GeoID_Formatted","mhv","TimeFrame","GeoVintage","Source","Location"
"Zip Code Tabulation Area","85003","AZ","85003","=""85003""","616800","2020-2024","2020","Census","Maricopa (County, 2022)"
"Zip Code Tabulation Area","85004","AZ","85004","=""85004""","417400","2020-2024","2020","Census","Maricopa (County, 2022)"
"Zip Code Tabulation Area","85006","AZ","85006","=""85006""","408100","2020-2024","2020","Census","Maricopa (County, 2022)"
"Zip Code Tabulation Area","85007","AZ","85007","=""85007""","480600","2020-2024","2020","Census","Maricopa (County, 2022)"
"Zip Code Tabulation Area","85008","AZ","85008","=""85008""","358000","2020-2024","2020","Census","Maricopa (County, 2022)"
"Zip Code Tabulation Area","85009","AZ","85009","=""85009""","236100","2020-2024","2020","Census","Maricopa (County, 2022)"
"Zip Code Tabulation Area","85012","AZ","85012","=""85012""","735000","2020-2024","2020","Census","Maricopa (County, 2022)"
"Zip Code Tabulation Area","85013","AZ","85013","=""85013""","567700","2020-2024","2020","Census","Maricopa (County, 2022)"
"Zip Code Tabulation Area","85014","AZ","85014","=""85014""","476100","2020-2024","2020","Census","Maricopa (County, 2022)"
"Zip Code Tabulation Area","85015","AZ","85015","=""85015""","345000","2020-2024","2020","Census","Maricopa (County, 2022)"
"Zip Code Tabulation Area","85016","AZ","85016","=""85016""","564900","2020-2024","2020","Census","Maricopa (County, 2022)"
"Zip Code Tabulation Area","85017","AZ","85017","=""85017""","286700","2020-2024","2020","Census","Maricopa (County, 2022)"
"Zip Code Tabulation Area","85018","AZ","85018","=""85018""","862000","2020-2024","2020","Census","Maricopa (County, 2022)"
"Zip Code Tabulation Area","85019","AZ","85019","=""85019""","305200","2020-2024","2020","Census","Maricopa (County, 2022)"
"Zip Code Tabulation Area","85020","AZ","85020","=""85020""","447200","2020-2024","2020","Census","Maricopa (County, 2022)"
"Zip Code Tabulation Area","85021","AZ","85021","=""85021""","470400","2020-2024","2020","Census","Maricopa (County, 2022)"
"Zip Code Tabulation Area","85022","AZ","85022","=""85022""","425200","2020-2024","2020","Census","Maricopa (County, 2022)"
"Zip Code Tabulation Area","85023","AZ","85023","=""85023""","391200","2020-2024","2020","Census","Maricopa (County, 2022)"
"Zip Code Tabulation Area","85024","AZ","85024","=""85024""","471000","2020-2024","2020","Census","Maricopa (County, 2022)"
"Zip Code Tabulation Area","85026","AZ","85026","=""85026""","N/A","2020-2024","2020","Census","Maricopa (County, 2022)"
"Zip Code Tabulation Area","85027","AZ","85027","=""85027""","354800","2020-2024","2020","Census","Maricopa (County, 2022)"
"Zip Code Tabulation Area","85028","AZ","85028","=""85028""","642200","2020-2024","2020","Census","Maricopa (County, 2022)"
"Zip Code Tabulation Area","85029","AZ","85029","=""85029""","345600","2020-2024","2020","Census","Maricopa (County, 2022)"
"Zip Code Tabulation Area","85031","AZ","85031","=""85031""","294800","2020-2024","2020","Census","Maricopa (County, 2022)"
"Zip Code Tabulation Area","85032","AZ","85032","=""85032""","416800","2020-2024","2020","Census","Maricopa (County, 2022)"
"Zip Code Tabulation Area","85033","AZ","85033","=""85033""","292800","2020-2024","2020","Census","Maricopa (County, 2022)"
"Zip Code Tabulation Area","85034","AZ","85034","=""85034""","422200","2020-2024","2020","Census","Maricopa (County, 2022)"
"Zip Code Tabulation Area","85035","AZ","85035","=""85035""","275600","2020-2024","2020","Census","Maricopa (County, 2022)"
"Zip Code Tabulation Area","85037","AZ","85037","=""85037""","330200","2020-2024","2020","Census","Maricopa (County, 2022)"
"Zip Code Tabulation Area","85040","AZ","85040","=""85040""","329800","2020-2024","2020","Census","Maricopa (County, 2022)"
"Zip Code Tabulation Area","85041","AZ","85041","=""85041""","347100","2020-2024","2020","Census","Maricopa (County, 2022)"
"Zip Code Tabulation Area","85042","AZ","85042","=""85042""","398000","2020-2024","2020","Census","Maricopa (County, 2022)"
"Zip Code Tabulation Area","85043","AZ","85043","=""85043""","343400","2020-2024","2020","Census","Maricopa (County, 2022)"
"Zip Code Tabulation Area","85044","AZ","85044","=""85044""","474800","2020-2024","2020","Census","Maricopa (County, 2022)"
"Zip Code Tabulation Area","85045","AZ","85045","=""85045""","634600","2020-2024","2020","Census","Maricopa (County, 2022)"
"Zip Code Tabulation Area","85048","AZ","85048","=""85048""","592100","2020-2024","2020","Census","Maricopa (County, 2022)"
"Zip Code Tabulation Area","85050","AZ","85050","=""85050""","618600","2020-2024","2020","Census","Maricopa (County, 2022)"
"Zip Code Tabulation Area","85051","AZ","85051","=""85051""","326300","2020-2024","2020","Census","Maricopa (County, 2022)"
"Zip Code Tabulation Area","85053","AZ","85053","=""85053""","367000","2020-2024","2020","Census","Maricopa (County, 2022)"
"Zip Code Tabulation Area","85054","AZ","85054","=""85054""","687200","2020-2024","2020","Census","Maricopa (County, 2022)"
"Zip Code Tabulation Area","85083","AZ","85083","=""85083""","612700","2020-2024","2020","Census","Maricopa (County, 2022)"
"Zip Code Tabulation Area","85085","AZ","85085","=""85085""","669100","2020-2024","2020","Census","Maricopa (County, 2022)"
"Zip Code Tabulation Area","85086","AZ","85086","=""85086""","598900","2020-2024","2020","Census","Maricopa (County, 2022)"
"Zip Code Tabulation Area","85087","AZ","85087","=""85087""","552300","2020-2024","2020","Census","Maricopa (County, 2022)"
"Zip Code Tabulation Area","85201","AZ","85201","=""85201""","328800","2020-2024","2020","Census","Maricopa (County, 2022)"
"Zip Code Tabulation Area","85202","AZ","85202","=""85202""","370900","2020-2024","2020","Census","Maricopa (County, 2022)"
"Zip Code Tabulation Area","85203","AZ","85203","=""85203""","439100","2020-2024","2020","Census","Maricopa (County, 2022)"
"Zip Code Tabulation Area","85204","AZ","85204","=""85204""","351300","2020-2024","2020","Census","Maricopa (County, 2022)"
"Zip Code Tabulation Area","85205","AZ","85205","=""85205""","339900","2020-2024","2020","Census","Maricopa (County, 2022)"
"Zip Code Tabulation Area","85206","AZ","85206","=""85206""","357900","2020-2024","2020","Census","Maricopa (County, 2022)"
"Zip Code Tabulation Area","85207","AZ","85207","=""85207""","505000","2020-2024","2020","Census","Maricopa (County, 2022)"
"Zip Code Tabulation Area","85208","AZ","85208","=""85208""","286200","2020-2024","2020","Census","Maricopa (County, 2022)"
"Zip Code Tabulation Area","85209","AZ","85209","=""85209""","402900","2020-2024","2020","Census","Maricopa (County, 2022)"
"Zip Code Tabulation Area","85210","AZ","85210","=""85210""","337800","2020-2024","2020","Census","Maricopa (County, 2022)"
"Zip Code Tabulation Area","85212","AZ","85212","=""85212""","584000","2020-2024","2020","Census","Maricopa (County, 2022)"
"Zip Code Tabulation Area","85213","AZ","85213","=""85213""","438900","2020-2024","2020","Census","Maricopa (County, 2022)"
"Zip Code Tabulation Area","85215","AZ","85215","=""85215""","441000","2020-2024","2020","Census","Maricopa (County, 2022)"
"Zip Code Tabulation Area","85224","AZ","85224","=""85224""","438700","2020-2024","2020","Census","Maricopa (County, 2022)"
"Zip Code Tabulation Area","85225","AZ","85225","=""85225""","430400","2020-2024","2020","Census","Maricopa (County, 2022)"
"Zip Code Tabulation Area","85226","AZ","85226","=""85226""","483800","2020-2024","2020","Census","Maricopa (County, 2022)"
"Zip Code Tabulation Area","85233","AZ","85233","=""85233""","513000","2020-2024","2020","Census","Maricopa (County, 2022)"
"Zip Code Tabulation Area","85234","AZ","85234","=""85234""","550900","2020-2024","2020","Census","Maricopa (County, 2022)"
"Zip Code Tabulation Area","85236","AZ","85236","=""85236""","N/A","2020-2024","2020","Census","Maricopa (County, 2022)"
"Zip Code Tabulation Area","85248","AZ","85248","=""85248""","527800","2020-2024","2020","Census","Maricopa (County, 2022)"
"Zip Code Tabulation Area","85249","AZ","85249","=""85249""","660600","2020-2024","2020","Census","Maricopa (County, 2022)"
"Zip Code Tabulation Area","85250","AZ","85250","=""85250""","583300","2020-2024","2020","Census","Maricopa (County, 2022)"
"Zip Code Tabulation Area","85251","AZ","85251","=""85251""","554400","2020-2024","2020","Census","Maricopa (County, 2022)"
"Zip Code Tabulation Area","85253","AZ","85253","=""85253""","2000001","2020-2024","2020","Census","Maricopa (County, 2022)"
"Zip Code Tabulation Area","85254","AZ","85254","=""85254""","785700","2020-2024","2020","Census","Maricopa (County, 2022)"
"Zip Code Tabulation Area","85255","AZ","85255","=""85255""","1036800","2020-2024","2020","Census","Maricopa (County, 2022)"
"Zip Code Tabulation Area","85256","AZ","85256","=""85256""","190500","2020-2024","2020","Census","Maricopa (County, 2022)"
"Zip Code Tabulation Area","85257","AZ","85257","=""85257""","506300","2020-2024","2020","Census","Maricopa (County, 2022)"
"Zip Code Tabulation Area","85258","AZ","85258","=""85258""","846000","2020-2024","2020","Census","Maricopa (County, 2022)"
"Zip Code Tabulation Area","85259","AZ","85259","=""85259""","1011200","2020-2024","2020","Census","Maricopa (County, 2022)"
"Zip Code Tabulation Area","85260","AZ","85260","=""85260""","698200","2020-2024","2020","Census","Maricopa (County, 2022)"
"Zip Code Tabulation Area","85262","AZ","85262","=""85262""","1287300","2020-2024","2020","Census","Maricopa (County, 2022)"
"Zip Code Tabulation Area","85263","AZ","85263","=""85263""","851000","2020-2024","2020","Census","Maricopa (County, 2022)"
"Zip Code Tabulation Area","85264","AZ","85264","=""85264""","369200","2020-2024","2020","Census","Maricopa (County, 2022)"
"Zip Code Tabulation Area","85266","AZ","85266","=""85266""","1128500","2020-2024","2020","Census","Maricopa (County, 2022)"
"Zip Code Tabulation Area","85268","AZ","85268","=""85268""","623400","2020-2024","2020","Census","Maricopa (County, 2022)"
"Zip Code Tabulation Area","85281","AZ","85281","=""85281""","381000","2020-2024","2020","Census","Maricopa (County, 2022)"
"Zip Code Tabulation Area","85282","AZ","85282","=""85282""","412000","2020-2024","2020","Census","Maricopa (County, 2022)"
"Zip Code Tabulation Area","85283","AZ","85283","=""85283""","442800","2020-2024","2020","Census","Maricopa (County, 2022)"
"Zip Code Tabulation Area","85284","AZ","85284","=""85284""","688400","2020-2024","2020","Census","Maricopa (County, 2022)"
"Zip Code Tabulation Area","85286","AZ","85286","=""85286""","601900","2020-2024","2020","Census","Maricopa (County, 2022)"
"Zip Code Tabulation Area","85295","AZ","85295","=""85295""","579500","2020-2024","2020","Census","Maricopa (County, 2022)"
"Zip Code Tabulation Area","85296","AZ","85296","=""85296""","561400","2020-2024","2020","Census","Maricopa (County, 2022)"
"Zip Code Tabulation Area","85297","AZ","85297","=""85297""","600600","2020-2024","2020","Census","Maricopa (County, 2022)"
"Zip Code Tabulation Area","85298","AZ","85298","=""85298""","652400","2020-2024","2020","Census","Maricopa (County, 2022)"
"Zip Code Tabulation Area","85301","AZ","85301","=""85301""","255300","2020-2024","2020","Census","Maricopa (County, 2022)"
"Zip Code Tabulation Area","85302","AZ","85302","=""85302""","364100","2020-2024","2020","Census","Maricopa (County, 2022)"
"Zip Code Tabulation Area","85303","AZ","85303","=""85303""","333600","2020-2024","2020","Census","Maricopa (County, 2022)"
"Zip Code Tabulation Area","85304","AZ","85304","=""85304""","379700","2020-2024","2020","Census","Maricopa (County, 2022)"
"Zip Code Tabulation Area","85305","AZ","85305","=""85305""","452300","2020-2024","2020","Census","Maricopa (County, 2022)"
"Zip Code Tabulation Area","85306","AZ","85306","=""85306""","392500","2020-2024","2020","Census","Maricopa (County, 2022)"
"Zip Code Tabulation Area","85307","AZ","85307","=""85307""","395700","2020-2024","2020","Census","Maricopa (County, 2022)"
"Zip Code Tabulation Area","85308","AZ","85308","=""85308""","458100","2020-2024","2020","Census","Maricopa (County, 2022)"
"Zip Code Tabulation Area","85309","AZ","85309","=""85309""","N/A","2020-2024","2020","Census","Maricopa (County, 2022)"
"Zip Code Tabulation Area","85310","AZ","85310","=""85310""","552900","2020-2024","2020","Census","Maricopa (County, 2022)"
"Zip Code Tabulation Area","85320","AZ","85320","=""85320""","472100","2020-2024","2020","Census","Maricopa (County, 2022)"
"Zip Code Tabulation Area","85322","AZ","85322","=""85322""","354300","2020-2024","2020","Census","Maricopa (County, 2022)"
"Zip Code Tabulation Area","85323","AZ","85323","=""85323""","370200","2020-2024","2020","Census","Maricopa (County, 2022)"
"Zip Code Tabulation Area","85326","AZ","85326","=""85326""","373300","2020-2024","2020","Census","Maricopa (County, 2022)"
"Zip Code Tabulation Area","85329","AZ","85329","=""85329""","240000","2020-2024","2020","Census","Maricopa (County, 2022)"
"Zip Code Tabulation Area","85331","AZ","85331","=""85331""","741700","2020-2024","2020","Census","Maricopa (County, 2022)"
"Zip Code Tabulation Area","85333","AZ","85333","=""85333""","206900","2020-2024","2020","Census","Maricopa (County, 2022)"
"Zip Code Tabulation Area","85335","AZ","85335","=""85335""","321900","2020-2024","2020","Census","Maricopa (County, 2022)"
"Zip Code Tabulation Area","85337","AZ","85337","=""85337""","116500","2020-2024","2020","Census","Maricopa (County, 2022)"
"Zip Code Tabulation Area","85338","AZ","85338","=""85338""","436300","2020-2024","2020","Census","Maricopa (County, 2022)"
"Zip Code Tabulation Area","85339","AZ","85339","=""85339""","441600","2020-2024","2020","Census","Maricopa (County, 2022)"
"Zip Code Tabulation Area","85340","AZ","85340","=""85340""","547500","2020-2024","2020","Census","Maricopa (County, 2022)"
"Zip Code Tabulation Area","85343","AZ","85343","=""85343""","N/A","2020-2024","2020","Census","Maricopa (County, 2022)"
"Zip Code Tabulation Area","85345","AZ","85345","=""85345""","319800","2020-2024","2020","Census","Maricopa (County, 2022)"
"Zip Code Tabulation Area","85351","AZ","85351","=""85351""","274000","2020-2024","2020","Census","Maricopa (County, 2022)"
"Zip Code Tabulation Area","85353","AZ","85353","=""85353""","388700","2020-2024","2020","Census","Maricopa (County, 2022)"
"Zip Code Tabulation Area","85354","AZ","85354","=""85354""","330800","2020-2024","2020","Census","Maricopa (County, 2022)"
"Zip Code Tabulation Area","85355","AZ","85355","=""85355""","494000","2020-2024","2020","Census","Maricopa (County, 2022)"
"Zip Code Tabulation Area","85361","AZ","85361","=""85361""","412400","2020-2024","2020","Census","Maricopa (County, 2022)"
"Zip Code Tabulation Area","85363","AZ","85363","=""85363""","320000","2020-2024","2020","Census","Maricopa (County, 2022)"
"Zip Code Tabulation Area","85373","AZ","85373","=""85373""","348500","2020-2024","2020","Census","Maricopa (County, 2022)"
"Zip Code Tabulation Area","85374","AZ","85374","=""85374""","395400","2020-2024","2020","Census","Maricopa (County, 2022)"
"Zip Code Tabulation Area","85375","AZ","85375","=""85375""","377900","2020-2024","2020","Census","Maricopa (County, 2022)"
"Zip Code Tabulation Area","85377","AZ","85377","=""85377""","1077500","2020-2024","2020","Census","Maricopa (County, 2022)"
"Zip Code Tabulation Area","85378","AZ","85378","=""85378""","274500","2020-2024","2020","Census","Maricopa (County, 2022)"
"Zip Code Tabulation Area","85379","AZ","85379","=""85379""","448200","2020-2024","2020","Census","Maricopa (County, 2022)"
"Zip Code Tabulation Area","85381","AZ","85381","=""85381""","447900","2020-2024","2020","Census","Maricopa (County, 2022)"
"Zip Code Tabulation Area","85382","AZ","85382","=""85382""","438300","2020-2024","2020","Census","Maricopa (County, 2022)"
"Zip Code Tabulation Area","85383","AZ","85383","=""85383""","661400","2020-2024","2020","Census","Maricopa (County, 2022)"
"Zip Code Tabulation Area","85387","AZ","85387","=""85387""","481000","2020-2024","2020","Census","Maricopa (County, 2022)"
"Zip Code Tabulation Area","85388","AZ","85388","=""85388""","459900","2020-2024","2020","Census","Maricopa (County, 2022)"
"Zip Code Tabulation Area","85390","AZ","85390","=""85390""","499200","2020-2024","2020","Census","Maricopa (County, 2022)"
"Zip Code Tabulation Area","85392","AZ","85392","=""85392""","418900","2020-2024","2020","Census","Maricopa (County, 2022)"
"Zip Code Tabulation Area","85395","AZ","85395","=""85395""","564800","2020-2024","2020","Census","Maricopa (County, 2022)"
"Zip Code Tabulation Area","85396","AZ","85396","=""85396""","482900","2020-2024","2020","Census","Maricopa (County, 2022)"
